Atomic_Weight,Atomic Radius,Mulliken EN,polarizability(A^3),electron affinity(kJ/mol),Largest Cavity Diameter,Largest Free Sphere
58.9332,1.52,4.3,7.5,64,4.43864,3.9804
58.9332,1.52,4.3,7.5,64,3.53566,3.51741
58.9332,1.52,4.3,7.5,64,4.9992,4.982
107.8682,1.65,4.44,7.9,126,1.2109,1.2109
54.93805,1.61,3.72,9.4,-50,11.39487,11.39487
107.8682,1.65,4.44,7.9,126,1.45533,1.45533
107.8682,1.65,4.44,7.9,126,1.43609,1.40839
