Atomic_Weight,Atomic Radius,Mulliken EN,polarizability(A^3),electron affinity(kJ/mol),Largest Cavity Diameter,Largest Free Sphere
63.546,1.52,4.3,6.8,64,4.43864,4.9804
58.9332,1.52,4.3,7.5,64,3.53566,3.51741
58.9332,1.52,4.3,7.5,64,4.9992,4.982
55.847,1.55,4.44,7.9,126,1.2109,1.2109
54.93805,1.61,3.72,9.4,-50,11.39487,11.39487
137.37,1.65,3.44,7.9,106,1.45533,1.45533
97.2,1.65,2.44,7.9,126,2.43609,3.40839
